{"fidelity": {"no_noise": 0.6475571636768448, "RL": 0.9828623026126412, "RB": 0.9648538506038591, "MMS": 0.6418566946713568}, "mse": {"no_noise": 0.0025711549058187655, "RL": 9.80418259803233e-05, "RB": 0.0004491147821121594, "MMS": 0.005229190824289876}}