{"fidelity": {"no_noise": 0.7774080098981422, "RL": 0.9862859007224564, "RB": 0.9895795634108102, "MMS": 0.5215481247773648}, "mse": {"no_noise": 0.0009913922862730834, "RL": 0.00013031487985050075, "RB": 0.00014339928787431672, "MMS": 0.00770726622323969}}