{"fidelity": {"no_noise": 0.40481539019505064, "RL": 0.9890756020794316, "RB": 0.8466480230090511, "MMS": 0.8283458480187553}, "mse": {"no_noise": 0.0068407915531626924, "RL": 9.52318706621401e-05, "RB": 0.0026192298580818537, "MMS": 0.0019131470007187658}}