{
  "depths": [
    3,
    6,
    9,
    12,
    15,
    18,
    21,
    24,
    27,
    30
  ],
  "survival probs": [
    0.8034,
    0.66298,
    0.60258,
    0.5353600000000001,
    0.5310199999999999,
    0.50542,
    0.5035399999999999,
    0.4991399999999999,
    0.49892000000000003,
    0.5020799999999999
  ],
  "errors": [
    0.10070710004761332,
    0.14858310671136205,
    0.10973278270416731,
    0.12752439139239208,
    0.1051759459192072,
    0.08139412509511972,
    0.07076982690384372,
    0.0493092324012451,
    0.046026010037803634,
    0.04754527947125772
  ],
  "optimal params": [
    0.5551590290415422,
    0.8216749189436005,
    0.4954650670146541
  ]
}