{"fidelity": {"no_noise": 0.3893140833429876, "RL": 0.9692719254616934, "RB": 0.8670366210848902, "MMS": 0.8217032984542542}, "mse": {"no_noise": 0.007337988495001254, "RL": 0.000385833496123711, "RB": 0.0014617846788529492, "MMS": 0.0019259280955369784}}