{"fidelity": {"no_noise": 0.3509333173184617, "RL": 0.9664440058331789, "RB": 0.8871740105769269, "MMS": 0.8469202909957108}, "mse": {"no_noise": 0.008332251269225394, "RL": 0.0004343676412789795, "RB": 0.0013151100395060026, "MMS": 0.0017207918734364778}}