{"fidelity": {"no_noise": 0.40481539019505064, "RL": 0.9697535461541668, "RB": 0.9200128279553835, "MMS": 0.8283458480187553}, "mse": {"no_noise": 0.0068407915531626924, "RL": 0.00031239786648128815, "RB": 0.0009322111852411226, "MMS": 0.0019131470007187658}}