{"fidelity": {"no_noise": 0.3509333173184617, "RL": 0.9510314692814498, "RB": 0.8448175492885545, "MMS": 0.8469202909957108}, "mse": {"no_noise": 0.008332251269225394, "RL": 0.0006469783302311883, "RB": 0.002495732017677187, "MMS": 0.0017207918734364778}}