{"fidelity": {"no_noise": 0.3893140833429876, "RL": 0.9795334650826331, "RB": 0.8670366210848902, "MMS": 0.8217032984542542}, "mse": {"no_noise": 0.007337988495001254, "RL": 0.0002743582903548497, "RB": 0.0014617846788529492, "MMS": 0.0019259280955369784}}