{"fidelity": {"no_noise": 0.7534799820112413, "RL": 0.9958630269123198, "RB": 0.9901820477533274, "MMS": 0.5491255847092866}, "mse": {"no_noise": 0.0012130438179283082, "RL": 2.6696749650533432e-05, "RB": 8.457824074927517e-05, "MMS": 0.007181167774572555}}