{"fidelity": {"no_noise": 0.7489721249186626, "RL": 0.9918517221779996, "RB": 0.9821387907448995, "MMS": 0.5495380893442127}, "mse": {"no_noise": 0.0013023711324463233, "RL": 0.00016436181259021148, "RB": 0.00025151937619945246, "MMS": 0.007129624105123413}}