{"fidelity": {"no_noise": 0.8456244051063263, "RL": 0.991623819091514, "RB": 0.9955778389119695, "MMS": 0.43920929686735655}, "mse": {"no_noise": 0.0004804998987253663, "RL": 7.166989569449284e-05, "RB": 3.66680173142378e-05, "MMS": 0.009328136220941079}}