{
  "depths": [
    3,
    6,
    9,
    12,
    15,
    18,
    21,
    24,
    27,
    30
  ],
  "survival probs": [
    0.81232,
    0.6219600000000001,
    0.48006,
    0.37686,
    0.2773999999999999,
    0.2254,
    0.1968,
    0.18712,
    0.16626000000000002,
    0.14414
  ],
  "errors": [
    0.103054051836888,
    0.16026577426262914,
    0.1119573865361281,
    0.12577154050102116,
    0.08453756561434686,
    0.07059150090485398,
    0.07650908442792921,
    0.0941430061130406,
    0.05623728656327579,
    0.03703242363119109
  ],
  "optimal params": [
    0.9936613976478548,
    0.8934576022573318,
    0.11012875089985125
  ]
}