{"fidelity": {"no_noise": 0.40481539019505064, "RL": 0.9902095259893051, "RB": 0.9398475208046653, "MMS": 0.8283458480187553}, "mse": {"no_noise": 0.0068407915531626924, "RL": 0.00011816356377527371, "RB": 0.0006867665532866932, "MMS": 0.0019131470007187658}}