{"fidelity": {"no_noise": 0.40481539019505064, "RL": 0.9955361792480747, "RB": 0.9398475208046653, "MMS": 0.8283458480187553}, "mse": {"no_noise": 0.0068407915531626924, "RL": 4.3521792268980624e-05, "RB": 0.0006867665532866932, "MMS": 0.0019131470007187658}}