{"fidelity": {"no_noise": 0.5889717325546823, "RL": 0.9925522930835581, "RB": 0.8924395796914603, "MMS": 0.6983422059489288}, "mse": {"no_noise": 0.003311422702854526, "RL": 0.00010034477141185653, "RB": 0.0015182495776789808, "MMS": 0.0041386634176691405}}