{"fidelity": {"no_noise": 0.40481539019505064, "RL": 0.9773794456830687, "RB": 0.953189694554808, "MMS": 0.8283458480187553}, "mse": {"no_noise": 0.0068407915531626924, "RL": 0.00023215946581230757, "RB": 0.0005162520857247809, "MMS": 0.0019131470007187658}}