{"fidelity": {"no_noise": 0.5889717325546823, "RL": 0.9929959218717731, "RB": 0.9739275331927078, "MMS": 0.6983422059489288}, "mse": {"no_noise": 0.003311422702854526, "RL": 0.00010818900006792138, "RB": 0.00032645338503585215, "MMS": 0.0041386634176691405}}