{"fidelity": {"no_noise": 0.20529114661024694, "RL": 0.954246252769088, "RB": 0.9507724428240538, "MMS": 0.9247667793820719}, "mse": {"no_noise": 0.011791107905893118, "RL": 0.0004279915679302874, "RB": 0.0004242162571843808, "MMS": 0.0006283309060865172}}