{"fidelity": {"no_noise": 0.1987891194994094, "RL": 0.930671350172614, "RB": 0.8462101760928656, "MMS": 0.8338032108163204}, "mse": {"no_noise": 0.012668129204639708, "RL": 0.0005179576984140087, "RB": 0.0011903550462137736, "MMS": 0.0013021638792183187}}