{"fidelity": {"no_noise": 0.40481539019505064, "RL": 0.9755292204147583, "RB": 0.9491226384768, "MMS": 0.8283458480187553}, "mse": {"no_noise": 0.0068407915531626924, "RL": 0.00032655549363598557, "RB": 0.000568449132357073, "MMS": 0.0019131470007187658}}