{
  "depths": [
    3,
    6,
    9,
    12,
    15,
    18,
    21,
    24,
    27,
    30
  ],
  "survival probs": [
    0.8684000000000001,
    0.74712,
    0.64676,
    0.56172,
    0.48364000000000007,
    0.42650000000000005,
    0.36867999999999995,
    0.3278999999999999,
    0.29052,
    0.25776
  ],
  "errors": [
    0.024330228112370855,
    0.03423193830328632,
    0.04182609711651328,
    0.042412752799128706,
    0.03862266691982832,
    0.04151782749614918,
    0.03761937798528838,
    0.0375703340416345,
    0.03491489080607299,
    0.032915990035239706
  ],
  "optimal params": [
    0.9296121359345627,
    0.9461553829164953,
    0.08105309001045
  ]
}