{
  "depths": [
    5,
    6,
    11,
    12,
    17,
    18,
    23,
    24,
    29,
    30,
    35,
    36,
    41,
    42,
    48,
    53,
    54,
    59,
    60
  ],
  "survival probs": [
    0.8755,
    0.3846875,
    0.3,
    0.3238181818181819,
    0.21,
    0.2250425531914894,
    0.2285,
    0.18697826086956523,
    0.16225,
    0.1519565217391304,
    0.126,
    0.147875,
    0.095,
    0.14934693877551017,
    0.14924,
    0.14933333333333332,
    0.14040425531914894,
    0.125,
    0.12991666666666665
  ],
  "errors": [
    0.049500000000000044,
    0.3320345210623187,
    0.14608102774373774,
    0.23705563910832803,
    0.1450448206589949,
    0.141916660807524,
    0.0927617917032654,
    0.11195427815396526,
    0.06521263297858783,
    0.052332946029013255,
    0.019999999999999997,
    0.050924627719143245,
    0.0,
    0.06517716860186115,
    0.0845781437488433,
    0.006342099196813489,
    0.05238631442790252,
    0.012000000000000004,
    0.03167072342435869
  ],
  "optimal params": [
    277.8074619737574,
    0.3020519054717098,
    0.17635291294999766
  ]
}